{"stats":{"minecraft:picked_up":{"minecraft:wheat_seeds":1,"minecraft:dirt":6},"minecraft:mined":{"minecraft:short_grass":5,"minecraft:grass_block":2,"minecraft:dirt":4},"minecraft:used":{"minecraft:dirt":3},"minecraft:custom":{"minecraft:time_since_rest":96,"minecraft:crouch_one_cm":150,"minecraft:sprint_one_cm":21508,"minecraft:play_time":14344,"minecraft:deaths":1,"minecraft:damage_taken":250,"minecraft:walk_one_cm":17206,"minecraft:sneak_time":538,"minecraft:walk_under_water_one_cm":6135,"minecraft:drop":4,"minecraft:jump":130,"minecraft:damage_dealt":15,"minecraft:leave_game":2,"minecraft:walk_on_water_one_cm":414,"minecraft:time_since_death":0,"minecraft:total_world_time":14344,"minecraft:fall_one_cm":2742,"minecraft:fly_one_cm":33374},"minecraft:dropped":{"minecraft:dirt":3,"minecraft:wheat_seeds":1},"minecraft:killed_by":{"minecraft:zombie":1}},"DataVersion":3700}