{"stats":{"minecraft:picked_up":{"minecraft:dirt":1},"minecraft:used":{"minecraft:dirt":1},"minecraft:custom":{"minecraft:jump":27,"minecraft:time_since_rest":1795,"minecraft:damage_dealt":100,"minecraft:crouch_one_cm":257,"minecraft:sprint_one_cm":4167,"minecraft:play_time":1795,"minecraft:time_since_death":1795,"minecraft:walk_one_cm":6787,"minecraft:sneak_time":253,"minecraft:climb_one_cm":374,"minecraft:total_world_time":1795,"minecraft:fall_one_cm":418,"minecraft:fly_one_cm":1918},"minecraft:mined":{"minecraft:short_grass":3,"minecraft:grass_block":1}},"DataVersion":3700}