{"stats":{"minecraft:dropped":{"minecraft:mutton":1},"minecraft:killed":{"minecraft:sheep":1},"minecraft:picked_up":{"minecraft:mutton":1,"minecraft:white_wool":1,"minecraft:dirt":11},"minecraft:used":{"minecraft:dirt":11},"minecraft:custom":{"minecraft:jump":101,"minecraft:time_since_rest":13795,"minecraft:damage_dealt":310,"minecraft:crouch_one_cm":360,"minecraft:sprint_one_cm":19801,"minecraft:play_time":13795,"minecraft:damage_taken":40,"minecraft:time_since_death":13795,"minecraft:walk_one_cm":13387,"minecraft:sneak_time":482,"minecraft:climb_one_cm":536,"minecraft:total_world_time":13795,"minecraft:mob_kills":1,"minecraft:drop":1,"minecraft:fall_one_cm":3244,"minecraft:fly_one_cm":12020},"minecraft:mined":{"minecraft:short_grass":7,"minecraft:grass_block":11}},"DataVersion":3700}