{"stats":{"minecraft:picked_up":{"minecraft:mutton":1},"minecraft:used":{"minecraft:mutton":1},"minecraft:custom":{"minecraft:jump":151,"minecraft:time_since_rest":16861,"minecraft:crouch_one_cm":365,"minecraft:leave_game":1,"minecraft:play_time":16861,"minecraft:sprint_one_cm":30091,"minecraft:damage_taken":180,"minecraft:time_since_death":16861,"minecraft:walk_one_cm":15312,"minecraft:sneak_time":90,"minecraft:total_world_time":16861,"minecraft:climb_one_cm":1198,"minecraft:fall_one_cm":3584,"minecraft:fly_one_cm":31692}},"DataVersion":3700}