{"stats":{"minecraft:picked_up":{"minecraft:sand":1},"minecraft:used":{"minecraft:sand":1},"minecraft:mined":{"minecraft:sand":1},"minecraft:custom":{"minecraft:jump":116,"minecraft:time_since_rest":8566,"minecraft:damage_dealt":100,"minecraft:crouch_one_cm":354,"minecraft:walk_on_water_one_cm":215,"minecraft:sprint_one_cm":19801,"minecraft:play_time":8566,"minecraft:damage_taken":15,"minecraft:time_since_death":8566,"minecraft:walk_one_cm":7354,"minecraft:sneak_time":174,"minecraft:walk_under_water_one_cm":2085,"minecraft:total_world_time":8566,"minecraft:swim_one_cm":136,"minecraft:fall_one_cm":1672,"minecraft:fly_one_cm":30341}},"DataVersion":3700}